{
  "(0, 0, 0, 0, 0, 1)": [
    -40.485235064821026,
    -33.85514694422588,
    -39.980182041006046
  ],
  "(0, 1, 0, 0, 0, 1)": [
    -57.83750247175044,
    -39.77277974128101,
    -57.66956838413118
  ],
  "(0, 1, 0, 0, 1, 1)": [
    -44.042487773614994,
    -57.85699874080227,
    -46.49874999896607
  ],
  "(1, 0, 0, 0, 1, 1)": [
    -60.18840616510667,
    -43.112285036920696,
    -57.45509115922315
  ],
  "(1, 0, 0, 0, 0, 1)": [
    -46.231376613113234,
    -56.3244694978798,
    -42.792616350159115
  ],
  "(0, 0, 0, 0, 1, 1)": [
    -38.681929708664896,
    -31.804801727578095,
    -38.79276884608661
  ],
  "(2, 0, 0, 0, 1, 1)": [
    -124.60859756457258,
    -65.02453167085305,
    -121.06381702195756
  ],
  "(2, 0, 0, 0, 0, 1)": [
    -78.58469564151376,
    -118.34562168544565,
    -71.07437642116884
  ],
  "(0, 0, 0, 0, 0, 0)": [
    -45.96230625906237,
    -37.70911835144913,
    -45.2475357023485
  ],
  "(0, 1, 0, 0, 0, 0)": [
    -58.8480615012931,
    -42.87135510149533,
    -60.27379064613736
  ],
  "(0, 0, 0, 0, 1, 0)": [
    -42.55169611790267,
    -36.76268365299143,
    -43.25334667549066
  ],
  "(1, 0, 0, 0, 1, 0)": [
    -59.880215336272265,
    -46.60347151658538,
    -57.745073371315996
  ],
  "(1, 0, 0, 0, 0, 0)": [
    -46.31658294988213,
    -57.23643923990765,
    -48.13033167770107
  ],
  "(0, 2, 0, 0, 0, 0)": [
    -118.70888446985855,
    -67.48231133675684,
    -116.61020205916205
  ],
  "(0, 1, 0, 0, 1, 0)": [
    -46.73568225079329,
    -57.94744521881572,
    -43.133063817536666
  ],
  "(2, 0, 0, 0, 1, 0)": [
    -122.54976214241681,
    -63.579061468306676,
    -119.27976261591787
  ],
  "(2, 0, 0, 0, 0, 0)": [
    -76.22715821642363,
    -121.05333146147397,
    -69.49410805880973
  ],
  "(3, 0, 0, 0, 1, 0)": [
    -132.14007771101552,
    -93.86818439611078,
    -140.46502728574697
  ],
  "(0, 2, 0, 0, 0, 1)": [
    -123.52804449260945,
    -65.2476052498476,
    -117.83049357519972
  ],
  "(0, 2, 0, 0, 1, 1)": [
    -71.86354358731279,
    -119.26212622043151,
    -67.50231963072399
  ],
  "(0, 3, 0, 0, 0, 1)": [
    -150.82906891312825,
    -94.84038358417394,
    -153.4268736170199
  ],
  "(1, 1, 0, 0, 1, 0)": [
    -52.32642693685952,
    -59.21209820143899,
    -60.56476865439032
  ],
  "(1, 1, 0, 0, 0, 0)": [
    -58.922834060879566,
    -59.2134712220647,
    -54.74837734387326
  ],
  "(0, 0, 0, 1, 0, 0)": [
    -2.72,
    -22.00508451273071,
    -7.621000000000001
  ],
  "(0, 2, 0, 0, 1, 0)": [
    -72.90809010551739,
    -125.61262624783613,
    -70.31454753271161
  ],
  "(3, 0, 0, 0, 0, 0)": [
    -68.9613196544932,
    -56.44446091722705,
    -35.54858754191497
  ],
  "(1, 1, 0, 0, 0, 1)": [
    -60.63618351389359,
    -52.28768799366493,
    -60.94413295735737
  ],
  "(3, 0, 0, 0, 1, 1)": [
    -153.85353915270028,
    -97.86655999927069,
    -150.46136520135096
  ],
  "(1, 1, 0, 0, 1, 1)": [
    -62.807896049273516,
    -51.65344523455831,
    -61.30388762738252
  ],
  "(1, 0, 1, 0, 1, 0)": [
    -56.53334688781672,
    -57.246322660610865,
    -64.22889490088194
  ],
  "(0, 2, 0, 1, 0, 1)": [
    -88.56521225993833,
    -72.01036497159346,
    -87.81758168679504
  ],
  "(0, 2, 0, 1, 0, 0)": [
    -113.21057224085605,
    -74.55869678784515,
    -99.6923154799089
  ],
  "(1, 2, 0, 0, 0, 1)": [
    -11.860000865756552,
    -2.8286654357860583,
    -27.335219976771278
  ],
  "(3, 0, 0, 0, 0, 1)": [
    -68.6306138211657,
    -110.02187872808335,
    -53.45355246569288
  ],
  "(3, 1, 0, 0, 0, 1)": [
    -2.7275,
    -18.647654119339602,
    0.0
  ],
  "(0, 1, 0, 1, 0, 1)": [
    -59.655231653278854,
    -42.71532161637512,
    -54.976692314556175
  ],
  "(2, 0, 1, 0, 1, 1)": [
    -118.58826088955296,
    -71.58693442199211,
    -105.86160386212272
  ],
  "(2, 1, 0, 0, 0, 0)": [
    0.0,
    -27.890675470261495,
    -14.19192628739034
  ],
  "(2, 1, 0, 0, 1, 0)": [
    0.0,
    -6.65788627483594,
    0.0
  ],
  "(0, 4, 0, 0, 0, 1)": [
    -8.450000000000001,
    -44.24956910975061,
    -23.573497500000002
  ],
  "(0, 3, 0, 0, 1, 1)": [
    -58.03599103688874,
    -89.69093098205094,
    -66.27827168501398
  ],
  "(1, 2, 0, 0, 1, 1)": [
    -23.945720999264783,
    -35.78793078432908,
    -23.145787020061896
  ],
  "(4, 0, 0, 0, 1, 1)": [
    -69.86758902952592,
    -42.433719725970086,
    -64.43351896389815
  ],
  "(2, 0, 1, 0, 1, 0)": [
    -65.24334805874524,
    -65.67228477907094,
    -70.16922730999359
  ],
  "(1, 0, 1, 0, 1, 1)": [
    -61.42273110325182,
    -50.6315760442614,
    -74.74758217749337
  ],
  "(0, 1, 0, 1, 0, 0)": [
    -41.329228348639326,
    -38.75335287050115,
    -44.83512910453083
  ],
  "(1, 3, 0, 0, 1, 1)": [
    -2.5751994574605046,
    0.0,
    -2.52
  ],
  "(0, 3, 0, 1, 0, 0)": [
    -69.99976818670586,
    -66.83494257155871,
    -69.50482155381182
  ],
  "(3, 0, 1, 0, 1, 1)": [
    -59.014045323713944,
    -50.065201906700295,
    -33.47554746972678
  ],
  "(4, 0, 1, 0, 1, 1)": [
    -28.695726445575318,
    -20.164084177665508,
    -44.39292566750911
  ],
  "(0, 3, 0, 0, 0, 0)": [
    -145.28277294660484,
    -101.24487063098604,
    -149.34735925820877
  ],
  "(0, 0, 0, 1, 0, 1)": [
    -6.489629249999999,
    -9.707741548153471,
    -7.8615888
  ],
  "(1, 2, 0, 0, 0, 0)": [
    0.0,
    -14.016136687268517,
    -11.960600922116969
  ],
  "(0, 0, 1, 0, 1, 1)": [
    -12.41904920723409,
    -14.61870096657439,
    -8.774864357405
  ],
  "(0, 3, 0, 0, 1, 0)": [
    -70.14977834812915,
    -95.78000756459363,
    -78.16661720979147
  ],
  "(1, 2, 0, 0, 1, 0)": [
    -19.74852972077237,
    -43.08051238340089,
    -32.64666329963216
  ],
  "(0, 4, 0, 0, 0, 0)": [
    -60.007274634166336,
    -47.73012681657022,
    -62.91105594508525
  ],
  "(0, 3, 0, 1, 0, 1)": [
    -67.54903532830227,
    -47.75152232716491,
    -76.41416807451205
  ],
  "(2, 1, 0, 0, 0, 1)": [
    -17.001109124926433,
    -32.75840361155839,
    -21.077061395471546
  ],
  "(4, 0, 0, 0, 1, 0)": [
    -23.32097915,
    -17.080577069520306,
    -16.996778499999998
  ],
  "(1, 3, 0, 0, 1, 0)": [
    -6.579957247342943,
    0.0,
    0.0
  ],
  "(2, 1, 0, 0, 1, 1)": [
    0.0,
    0.0,
    -11.947947620925245
  ],
  "(0, 4, 0, 1, 0, 1)": [
    -25.992075000000003,
    -14.529706291979053,
    -27.130350000000004
  ],
  "(0, 4, 0, 0, 1, 1)": [
    -5.48,
    0.0,
    -5.51807214437753
  ],
  "(0, 0, 1, 0, 1, 0)": [
    0.0,
    -7.685141303017963,
    -18.13109102934994
  ],
  "(4, 0, 1, 0, 1, 0)": [
    -16.9,
    -3.91,
    0.0
  ],
  "(3, 1, 0, 0, 0, 0)": [
    -3.705,
    -23.34120911654338,
    0.0
  ],
  "(4, 0, 0, 0, 0, 1)": [
    0.0,
    -18.77015688533244,
    0.0
  ],
  "(0, 4, 0, 1, 0, 0)": [
    -27.62193,
    -32.95502299419746,
    -34.502289000000005
  ],
  "(3, 0, 1, 0, 1, 0)": [
    -23.536297500000003,
    -29.18420381616956,
    -33.619251500000004
  ],
  "(0, 4, 0, 0, 1, 0)": [
    -7.85273706982473,
    0.0,
    0.0
  ]
}