{
  "(0, 0, 0, 0, 0, 0)": [
    -19.722030737712686,
    -18.170158464489777,
    -20.04246245113469
  ],
  "(0, 1, 0, 0, 0, 0)": [
    -22.533017986102184,
    -20.188374199052898,
    -22.949974927820534
  ],
  "(0, 1, 0, 0, 1, 0)": [
    -21.416629236708303,
    -21.72525522665571,
    -21.13995574327042
  ],
  "(0, 0, 0, 0, 1, 0)": [
    -19.66106915622832,
    -18.031307195256687,
    -19.383717016885356
  ],
  "(0, 1, 0, 1, 0, 0)": [
    -4.1584,
    -0.31,
    -5.73656
  ],
  "(1, 0, 0, 0, 1, 0)": [
    -23.051294733194798,
    -19.609625378522455,
    -23.33061408835865
  ],
  "(1, 0, 0, 0, 0, 0)": [
    -21.38286246094011,
    -21.90983762728667,
    -20.847257098826653
  ],
  "(0, 0, 0, 0, 0, 1)": [
    -27.71462782334645,
    -24.228725970884465,
    -28.026157797191797
  ],
  "(0, 0, 0, 0, 1, 1)": [
    -27.414552096899474,
    -24.73190359596756,
    -27.876753778447185
  ],
  "(0, 1, 0, 0, 0, 1)": [
    -33.163231810821,
    -28.232626388658122,
    -33.45498713101103
  ],
  "(1, 0, 0, 0, 1, 1)": [
    -33.14690347353309,
    -28.308661379031758,
    -32.88501300596738
  ],
  "(2, 0, 0, 0, 1, 1)": [
    -26.038324247024395,
    -24.06499132348897,
    -25.144079917698736
  ],
  "(1, 0, 0, 0, 0, 1)": [
    -30.78527473268338,
    -32.661199798913195,
    -28.945200759332113
  ],
  "(0, 1, 0, 0, 1, 1)": [
    -30.347241174217213,
    -33.118000278298844,
    -29.82492472185496
  ],
  "(0, 1, 0, 1, 0, 1)": [
    0.0,
    -1.2373750000000001,
    0.0
  ],
  "(0, 2, 0, 0, 0, 1)": [
    -28.573477753098242,
    -24.57520026399629,
    -25.66416484122425
  ],
  "(2, 0, 0, 0, 0, 1)": [
    -13.88271091312565,
    -7.921695796892049,
    -9.590632476994173
  ],
  "(0, 2, 0, 0, 1, 1)": [
    -9.59386504662347,
    -9.560915177193994,
    -11.731607438101577
  ],
  "(0, 3, 0, 0, 0, 1)": [
    0.0,
    -1.2025000000000001,
    0.0
  ],
  "(0, 2, 0, 0, 0, 0)": [
    -12.04661722580455,
    -12.57556807345291,
    -12.339923390879386
  ],
  "(0, 3, 0, 0, 0, 0)": [
    -2.69786,
    -2.7528923779050993,
    -2.01728
  ],
  "(0, 3, 0, 0, 1, 0)": [
    -0.9140000000000001,
    -0.8684799999999999,
    0.0
  ],
  "(1, 2, 0, 0, 1, 0)": [
    -0.9300000000000002,
    0.0,
    0.0
  ],
  "(1, 1, 0, 0, 1, 0)": [
    -8.712256179060583,
    -9.659599019287757,
    -10.014701887098663
  ],
  "(2, 0, 0, 0, 1, 0)": [
    -16.10803715771,
    -13.043332998868465,
    -14.477088981022863
  ],
  "(3, 0, 0, 0, 1, 0)": [
    0.0,
    -0.646,
    -5.940270000000001
  ],
  "(2, 0, 0, 0, 0, 0)": [
    -3.2982722370676942,
    -3.025601836398745,
    -4.0606431307590265
  ],
  "(0, 2, 0, 0, 1, 0)": [
    -6.127861096758435,
    -3.672049885492201,
    -2.6320443679293826
  ],
  "(1, 1, 0, 0, 0, 1)": [
    -18.323558588704213,
    -17.590491462943856,
    -18.320031040627445
  ],
  "(1, 1, 0, 0, 1, 1)": [
    -16.70494633398233,
    -15.32401588132739,
    -15.208178539125006
  ],
  "(2, 0, 1, 0, 1, 1)": [
    -2.7025,
    -0.96625,
    0.0
  ],
  "(3, 0, 0, 0, 1, 1)": [
    -5.16016875,
    -4.195917293328406,
    -2.2600000000000002
  ],
  "(1, 1, 0, 0, 0, 0)": [
    -6.441935784508781,
    -7.261774361897483,
    -6.231955785080124
  ]
}