{
  "(0, 0, 0, 0, 0, 0)": [
    -15.729547901395598,
    -14.646102820238392,
    -15.65148304800794
  ],
  "(0, 0, 0, 0, 1, 0)": [
    -15.57444983232683,
    -14.680921093279341,
    -15.52675096608322
  ],
  "(0, 1, 0, 0, 0, 0)": [
    -17.459384715806273,
    -15.296610788534206,
    -17.243191120217148
  ],
  "(1, 0, 0, 0, 1, 0)": [
    -17.067717822977155,
    -15.389138361561013,
    -17.096077063411382
  ],
  "(0, 1, 0, 0, 1, 0)": [
    -16.664953900738354,
    -16.925320004668013,
    -16.00834595207119
  ],
  "(1, 0, 0, 0, 0, 0)": [
    -16.755132308309236,
    -16.462370592429245,
    -15.613274252249571
  ],
  "(0, 2, 0, 0, 0, 0)": [
    -25.147877558459676,
    -17.86669383069284,
    -25.951717784298303
  ],
  "(2, 0, 0, 0, 1, 0)": [
    -25.123182855715562,
    -17.873054779109744,
    -24.816701215329818
  ],
  "(0, 0, 0, 0, 0, 1)": [
    -17.91138980651024,
    -16.824652723461764,
    -18.22870088668818
  ],
  "(0, 0, 0, 0, 1, 1)": [
    -17.83059774093539,
    -16.68511980725412,
    -17.917244845358134
  ],
  "(0, 1, 0, 0, 0, 1)": [
    -20.174703213082473,
    -18.13447663073454,
    -20.036739159851038
  ],
  "(1, 0, 0, 0, 1, 1)": [
    -20.274394172237344,
    -18.115579151821873,
    -20.095683664135024
  ],
  "(2, 0, 0, 0, 1, 1)": [
    -30.5861610738398,
    -22.27168737355809,
    -30.300224302973078
  ],
  "(1, 0, 0, 0, 0, 1)": [
    -19.395802056444754,
    -19.19886187843782,
    -18.06222291930703
  ],
  "(0, 1, 0, 0, 1, 1)": [
    -18.90458334114613,
    -19.074321006291314,
    -18.779793955957985
  ],
  "(1, 0, 1, 0, 1, 0)": [
    -21.645201877400254,
    -14.481473141781452,
    -27.285526021314162
  ],
  "(1, 1, 0, 0, 1, 0)": [
    -18.49627261995671,
    -17.160211167377714,
    -17.77008533987329
  ],
  "(0, 2, 0, 0, 0, 1)": [
    -29.119102972074675,
    -21.776779889197247,
    -28.43442640809823
  ],
  "(0, 2, 0, 0, 1, 1)": [
    -24.43415040737105,
    -25.717198750377513,
    -22.744664320419943
  ],
  "(1, 1, 0, 0, 0, 1)": [
    -21.752040061149366,
    -20.426462722084615,
    -21.52809683265997
  ],
  "(0, 3, 0, 0, 0, 1)": [
    -29.68539131230517,
    -21.85623529783102,
    -29.51688934597513
  ],
  "(0, 3, 0, 1, 0, 1)": [
    -18.67152538282245,
    -10.303535263945351,
    -15.527541302266053
  ],
  "(0, 3, 0, 0, 1, 1)": [
    -15.923214102644241,
    -11.220226672648668,
    -16.403278319266008
  ],
  "(2, 0, 0, 0, 0, 1)": [
    -23.697690570010494,
    -25.33080034198164,
    -22.191549611243456
  ],
  "(3, 0, 0, 0, 1, 1)": [
    -27.11071675356249,
    -21.568347307398884,
    -29.842230758238664
  ],
  "(0, 2, 0, 1, 0, 1)": [
    -31.692393342372963,
    -20.097422360933358,
    -34.44337916170278
  ],
  "(2, 0, 0, 0, 0, 0)": [
    -19.501130080188524,
    -20.656099818315443,
    -19.745176946430202
  ],
  "(1, 1, 0, 0, 0, 0)": [
    -18.49741671262636,
    -17.00698490283825,
    -17.81694340947694
  ],
  "(0, 2, 0, 1, 0, 0)": [
    -22.326705766018264,
    -16.58983461334339,
    -30.00372342085168
  ],
  "(0, 3, 0, 1, 0, 0)": [
    -13.139728423478198,
    -7.049794320985707,
    -8.952847258067953
  ],
  "(0, 2, 0, 0, 1, 0)": [
    -20.14061822446282,
    -21.072646087259933,
    -19.51646065098817
  ],
  "(3, 0, 0, 0, 1, 0)": [
    -25.07050011149331,
    -19.196036178612776,
    -25.862475987501814
  ],
  "(3, 0, 0, 0, 0, 0)": [
    -14.47980298542916,
    -15.425881652415683,
    -17.138963215342205
  ],
  "(4, 0, 0, 0, 1, 0)": [
    -11.508856540393719,
    -5.8885270377681955,
    -10.12891389540475
  ],
  "(2, 1, 0, 0, 0, 1)": [
    -4.397444078796302,
    0.0,
    -3.1460115233188635
  ],
  "(1, 1, 0, 0, 1, 1)": [
    -21.74207786375294,
    -20.521282340636212,
    -21.229833304349288
  ],
  "(2, 0, 1, 0, 1, 1)": [
    -29.24440652608985,
    -18.27239804258738,
    -29.47215846300185
  ],
  "(3, 0, 1, 0, 1, 1)": [
    -5.0303,
    -6.197836333017121,
    -7.0737939999999995
  ],
  "(3, 0, 0, 0, 0, 1)": [
    -8.236189221432038,
    -7.526699123212461,
    -5.629434079204789
  ],
  "(0, 1, 0, 1, 0, 0)": [
    -25.530385106228984,
    -13.897461277496113,
    -24.01209241397855
  ],
  "(0, 0, 0, 1, 0, 1)": [
    -14.590976432453624,
    -3.0967144712543666,
    -6.287454437678365
  ],
  "(0, 1, 0, 1, 0, 1)": [
    -28.795183988994058,
    -17.243011363943406,
    -26.271483767519793
  ],
  "(0, 4, 0, 0, 0, 1)": [
    -12.43998893857525,
    -8.152246482471334,
    -8.783282110060421
  ],
  "(0, 3, 0, 0, 0, 0)": [
    -29.13739575086324,
    -19.625446510464375,
    -25.026983953810596
  ],
  "(0, 3, 0, 0, 1, 0)": [
    -13.15783380391019,
    -16.936804547274694,
    -14.846472643218673
  ],
  "(2, 0, 1, 0, 1, 0)": [
    -28.215929023233375,
    -17.22948085259479,
    -28.281887514190732
  ],
  "(3, 0, 1, 0, 1, 0)": [
    -22.401640850075875,
    -10.054581907319676,
    -20.434179353887593
  ],
  "(4, 0, 1, 0, 1, 0)": [
    -10.097277668954163,
    -3.9158512356889066,
    -14.848933979687684
  ],
  "(1, 2, 0, 0, 1, 0)": [
    -5.5834534362591,
    -4.644851945646494,
    -7.167303821110501
  ],
  "(2, 1, 0, 0, 0, 0)": [
    -4.938622037805862,
    -7.512152959818426,
    -6.616128473018772
  ],
  "(1, 2, 0, 0, 0, 0)": [
    -0.978,
    -1.3950851595159235,
    -4.8432894442941965
  ],
  "(4, 0, 0, 0, 1, 1)": [
    -4.2036999999999995,
    -1.73865,
    0.0
  ],
  "(2, 1, 0, 0, 1, 0)": [
    -4.106677577035315,
    -2.6676719386703245,
    -2.407643944359994
  ],
  "(1, 0, 1, 0, 1, 1)": [
    -24.918526686695774,
    -15.694554127793866,
    -24.746797319071305
  ],
  "(2, 0, 2, 0, 1, 1)": [
    -3.478,
    0.0,
    -3.6725000000000003
  ],
  "(3, 0, 2, 0, 1, 1)": [
    -4.0040000000000004,
    -1.6747413679103247,
    0.0
  ],
  "(4, 0, 0, 0, 0, 1)": [
    0.0,
    0.0,
    -0.9039999999999999
  ],
  "(0, 0, 1, 0, 1, 0)": [
    -10.270494402362862,
    -4.118575568101404,
    -13.608301557203877
  ],
  "(3, 1, 0, 0, 0, 0)": [
    -1.8427655708300001,
    -2.178651238475584,
    0.0
  ],
  "(0, 4, 0, 0, 0, 0)": [
    -1.1199999999999999,
    -5.197943159909591,
    -2.64772
  ],
  "(1, 2, 0, 0, 1, 1)": [
    0.0,
    -9.042209290160521,
    -4.705977314184082
  ],
  "(1, 2, 0, 0, 0, 1)": [
    0.0,
    -1.4025510845667768,
    -4.690229086669838
  ],
  "(0, 0, 1, 0, 1, 1)": [
    -5.052510000000001,
    -1.641870012232952,
    -5.437452217716864
  ],
  "(4, 0, 0, 0, 0, 0)": [
    0.0,
    -0.807001062307021,
    -2.9185447579285615
  ],
  "(0, 4, 0, 1, 0, 1)": [
    -2.93,
    -2.603297971835616,
    -2.83
  ],
  "(0, 0, 0, 1, 0, 0)": [
    0.0,
    -3.966800781505012,
    0.0
  ],
  "(4, 0, 1, 0, 1, 1)": [
    -5.477,
    -0.8355000000000001,
    -5.5437
  ],
  "(1, 3, 0, 0, 1, 1)": [
    0.0,
    -2.4378751210399927,
    -0.9039999999999999
  ],
  "(0, 4, 0, 1, 0, 0)": [
    0.0,
    -3.5074296210745306,
    -4.5958000000000006
  ],
  "(0, 4, 0, 0, 1, 1)": [
    0.0,
    -1.5759619413583446,
    0.0
  ]
}