{
  "(0, 0, 0, 0, 0, 1)": [
    -17.905340244754925,
    -16.4029559191468,
    -17.56597945667814
  ],
  "(0, 0, 0, 0, 1, 1)": [
    -17.52238801597722,
    -16.397692911485493,
    -17.63789035274663
  ],
  "(0, 1, 0, 0, 0, 1)": [
    -20.02344136861666,
    -17.611757605844872,
    -20.170937894640815
  ],
  "(0, 1, 0, 0, 1, 1)": [
    -18.629072005046552,
    -19.290684438011265,
    -19.14573860191522
  ],
  "(1, 0, 0, 0, 1, 1)": [
    -20.093228776143512,
    -17.55995998460894,
    -19.896199869683826
  ],
  "(1, 0, 0, 0, 0, 1)": [
    -19.628517710181505,
    -19.268193101649942,
    -18.420005408627016
  ],
  "(0, 0, 0, 0, 0, 0)": [
    -15.391176154689859,
    -14.37413540569163,
    -15.299433332680831
  ],
  "(0, 0, 0, 0, 1, 0)": [
    -15.592762206325796,
    -14.525382198134501,
    -15.286662124635079
  ],
  "(0, 1, 0, 0, 0, 0)": [
    -17.186591107943684,
    -14.939433703980894,
    -17.228569587503657
  ],
  "(1, 0, 0, 0, 1, 0)": [
    -17.148071774428683,
    -15.042896588754928,
    -17.02717620905263
  ],
  "(1, 0, 0, 0, 0, 0)": [
    -16.423461711137456,
    -16.52620817063672,
    -16.02178019217668
  ],
  "(0, 1, 0, 0, 1, 0)": [
    -16.679548712261532,
    -16.629810848586693,
    -15.951875353870184
  ],
  "(0, 2, 0, 0, 0, 0)": [
    -25.154566799679337,
    -17.63836830300062,
    -25.67548527983485
  ],
  "(2, 0, 0, 0, 1, 0)": [
    -24.292160917081798,
    -17.785251104942972,
    -24.018110445856244
  ],
  "(1, 1, 0, 0, 0, 0)": [
    -17.207324323032157,
    -17.101495929763907,
    -17.33113452902714
  ],
  "(2, 0, 0, 0, 1, 1)": [
    -28.895051340466257,
    -21.486406755321095,
    -28.41130313074678
  ],
  "(2, 0, 0, 0, 0, 1)": [
    -22.910747223789738,
    -23.744674076684095,
    -22.41401617848456
  ],
  "(0, 1, 0, 1, 0, 0)": [
    -21.337204101527227,
    -12.517922418216578,
    -19.455708493385814
  ],
  "(0, 2, 0, 0, 0, 1)": [
    -29.29326376451419,
    -21.513850309009634,
    -29.237439448933234
  ],
  "(0, 3, 0, 0, 0, 1)": [
    -25.215264734254028,
    -20.079929792773296,
    -26.22238354301059
  ],
  "(0, 4, 0, 0, 0, 1)": [
    0.0,
    -2.0274522827374386,
    0.0
  ],
  "(0, 3, 0, 0, 1, 1)": [
    -9.349437483627238,
    -8.021737772805169,
    -8.40493858800506
  ],
  "(0, 2, 0, 0, 1, 1)": [
    -22.47247702307024,
    -24.16794684939527,
    -22.839396850650758
  ],
  "(0, 2, 0, 1, 0, 0)": [
    -23.146085976741425,
    -12.68643554269253,
    -14.650165690149592
  ],
  "(0, 2, 0, 0, 1, 0)": [
    -18.887523399982907,
    -19.80717792145127,
    -19.263234110140303
  ],
  "(0, 0, 1, 0, 1, 0)": [
    -2.039870403168158,
    -4.692742670438068,
    -1.663
  ],
  "(3, 0, 0, 0, 1, 1)": [
    -24.226744444469695,
    -16.097192407025528,
    -24.583844322891377
  ],
  "(1, 1, 0, 0, 1, 1)": [
    -21.299699787085032,
    -20.893839617443778,
    -20.698546020624253
  ],
  "(0, 1, 0, 1, 0, 1)": [
    -9.084198736000001,
    -12.35177667754254,
    -11.14996976289
  ],
  "(2, 0, 1, 0, 1, 0)": [
    -16.45737394437408,
    -8.885474456294833,
    -20.45855429295379
  ],
  "(0, 3, 0, 0, 0, 0)": [
    -21.070694383658576,
    -15.38435232365548,
    -20.63034706290015
  ],
  "(1, 1, 0, 0, 1, 0)": [
    -17.179135408213746,
    -16.913208132881728,
    -17.11854133027419
  ],
  "(3, 0, 0, 0, 1, 0)": [
    -19.786139757574613,
    -16.418516838816867,
    -20.640931857322602
  ],
  "(2, 0, 0, 0, 0, 0)": [
    -18.78814696767087,
    -19.0031034772151,
    -18.77090225066357
  ],
  "(4, 0, 0, 0, 1, 0)": [
    -9.529450194285689,
    -2.9083910158261417,
    -9.077144848217578
  ],
  "(3, 0, 0, 0, 0, 0)": [
    -8.40267420477697,
    -8.889838828904642,
    -9.31900390057636
  ],
  "(0, 0, 0, 1, 0, 1)": [
    -7.40054725,
    -4.569941898984856,
    -5.3964352699947975
  ],
  "(1, 0, 1, 0, 1, 1)": [
    -12.497327334961446,
    -7.435525325373262,
    -13.747525777449745
  ],
  "(1, 1, 0, 0, 0, 1)": [
    -21.16712811735959,
    -20.204173801360096,
    -21.079553918837615
  ],
  "(2, 1, 0, 0, 0, 1)": [
    -3.436695084687618,
    -0.6040000000000001,
    -7.20337516042051
  ],
  "(2, 0, 1, 0, 1, 1)": [
    -25.017493845841578,
    -11.848799686577559,
    -24.028846186429764
  ],
  "(2, 1, 0, 0, 0, 0)": [
    -3.5750423154538753,
    -3.290789772092558,
    -3.6441885528276554
  ],
  "(3, 0, 0, 0, 0, 1)": [
    -10.328280949282682,
    -11.607163168812347,
    -9.085387883019571
  ],
  "(1, 2, 0, 0, 1, 0)": [
    -3.148542778470178,
    -1.7388036942890517,
    -1.8058967223085274
  ],
  "(0, 0, 0, 1, 0, 0)": [
    -4.830602000000001,
    -4.946646995689472,
    -7.034313197869662
  ],
  "(3, 0, 1, 0, 1, 1)": [
    -20.555524806873073,
    -8.750415824978695,
    -16.232529430890484
  ],
  "(0, 3, 0, 1, 0, 0)": [
    -13.137948270382662,
    -5.008175213867915,
    -10.889526376944858
  ],
  "(0, 3, 0, 0, 1, 0)": [
    -9.449061526267739,
    -7.674393109849412,
    -4.554332393480837
  ],
  "(2, 1, 0, 0, 1, 0)": [
    -3.874438288730617,
    0.0,
    0.0
  ],
  "(0, 2, 0, 1, 0, 1)": [
    -13.894063088830002,
    -16.054931258349946,
    -9.5208750881
  ],
  "(4, 0, 1, 0, 1, 1)": [
    -2.6300000000000003,
    -1.4398494163890776,
    -5.125350000000001
  ],
  "(1, 0, 1, 0, 1, 0)": [
    -6.023336762546236,
    -4.513716039547132,
    -7.6090568
  ],
  "(1, 2, 0, 0, 1, 1)": [
    -4.184021288326692,
    -4.152260041873362,
    -1.9675710331822893
  ],
  "(3, 0, 2, 0, 1, 1)": [
    0.0,
    -0.6834279125044268,
    0.0
  ],
  "(0, 4, 0, 0, 0, 0)": [
    -4.136986894532724,
    -2.545772489688748,
    -5.805407730092026
  ],
  "(0, 0, 1, 0, 1, 1)": [
    -3.2416000000000005,
    -5.999536373142931,
    -1.8260000000000003
  ],
  "(0, 4, 0, 1, 0, 0)": [
    -4.38259138425896,
    -1.0659138425896102,
    -9.172771651341785
  ],
  "(0, 3, 0, 1, 0, 1)": [
    -8.736274038387315,
    -5.032429452540178,
    -4.914775000000001
  ],
  "(3, 0, 1, 0, 1, 0)": [
    -3.8813,
    -3.0359296823816484,
    -2.357
  ],
  "(4, 0, 1, 0, 1, 0)": [
    -6.3062000000000005,
    -2.080499285997705,
    -4.4525300111609045
  ],
  "(0, 4, 0, 0, 1, 0)": [
    0.0,
    0.0,
    -0.7764331151897444
  ],
  "(4, 0, 0, 0, 1, 1)": [
    -2.0300000000000002,
    -1.9335896598044526,
    -1.83
  ],
  "(2, 1, 0, 0, 1, 1)": [
    0.0,
    -2.0026324754384484,
    0.0
  ],
  "(4, 0, 0, 0, 0, 0)": [
    0.0,
    0.0,
    -1.2159245341691567
  ]
}