{
  "(0, 0, 0, 0, 0, 0)": [
    -15.587657757976048,
    -14.330571166128353,
    -15.558483412593066
  ],
  "(0, 1, 0, 0, 0, 0)": [
    -17.16700229789177,
    -15.070300407031194,
    -17.20840607028304
  ],
  "(0, 0, 0, 0, 1, 0)": [
    -15.795433172330425,
    -14.389292229940695,
    -15.379808311266508
  ],
  "(0, 1, 0, 0, 1, 0)": [
    -16.455633082082006,
    -16.387594394382166,
    -15.896317369161205
  ],
  "(1, 0, 0, 0, 1, 0)": [
    -17.42602749863498,
    -15.171706633546227,
    -17.227422650507815
  ],
  "(1, 0, 0, 0, 0, 0)": [
    -16.739371945272627,
    -16.440969705367493,
    -16.139679624483914
  ],
  "(1, 1, 0, 0, 0, 0)": [
    -17.2101609607067,
    -17.06783416031688,
    -17.248518457255305
  ],
  "(0, 0, 0, 0, 0, 1)": [
    -17.31907425725731,
    -16.180110045751594,
    -17.384068543861588
  ],
  "(0, 0, 0, 0, 1, 1)": [
    -17.432174206370203,
    -16.295964380012965,
    -17.43548253162875
  ],
  "(0, 1, 0, 0, 0, 1)": [
    -20.097846290591313,
    -17.04125503799959,
    -20.022518135867603
  ],
  "(0, 1, 0, 0, 1, 1)": [
    -19.15332132298425,
    -19.093376912743523,
    -18.548035667687998
  ],
  "(1, 0, 0, 0, 1, 1)": [
    -19.982714998602706,
    -17.469342587436195,
    -19.896678431796147
  ],
  "(1, 0, 0, 0, 0, 1)": [
    -19.016955670542806,
    -19.25689537254092,
    -18.153378939235502
  ],
  "(2, 0, 0, 0, 1, 1)": [
    -28.99755111648495,
    -21.133875401599035,
    -29.404158545683167
  ],
  "(0, 2, 0, 1, 0, 1)": [
    -24.827614240564507,
    -13.805900643164211,
    -19.6962300445627
  ],
  "(0, 2, 0, 0, 0, 1)": [
    -30.62356197880636,
    -21.204980260842586,
    -29.300275376720837
  ],
  "(0, 2, 0, 0, 1, 1)": [
    -22.035213654382975,
    -24.400881799388156,
    -22.853874975290573
  ],
  "(2, 0, 0, 0, 0, 1)": [
    -23.254713328263097,
    -25.01450810531576,
    -22.327879922588288
  ],
  "(2, 0, 0, 0, 1, 0)": [
    -23.983307399043348,
    -18.088396848505297,
    -23.75533482904875
  ],
  "(0, 2, 0, 0, 0, 0)": [
    -23.37978998382256,
    -17.886868908923645,
    -24.816760678811303
  ],
  "(1, 1, 0, 0, 1, 0)": [
    -17.28533749983696,
    -17.178280757250462,
    -17.44204456108382
  ],
  "(0, 2, 0, 0, 1, 0)": [
    -19.255267887796116,
    -18.97783109998168,
    -17.622416865326198
  ],
  "(0, 3, 0, 0, 0, 0)": [
    -18.354525869099156,
    -11.186461192905877,
    -17.766182058758467
  ],
  "(0, 4, 0, 0, 0, 0)": [
    0.0,
    -0.9292,
    0.0
  ],
  "(0, 3, 0, 0, 1, 0)": [
    -4.557529453843699,
    -3.692598517231537,
    -8.01665864340258
  ],
  "(1, 0, 1, 0, 1, 0)": [
    -12.220097592448868,
    -10.79056505821828,
    -9.672124215262812
  ],
  "(1, 0, 1, 0, 1, 1)": [
    -11.672647843769182,
    -10.281939619534082,
    -6.71681043554852
  ],
  "(3, 0, 0, 0, 1, 1)": [
    -21.430876669387466,
    -19.412317169033567,
    -22.895011836915273
  ],
  "(3, 0, 0, 0, 1, 0)": [
    -16.104557022176035,
    -15.033483357851548,
    -14.802416256300685
  ],
  "(3, 0, 0, 0, 0, 0)": [
    0.0,
    -2.621222200913203,
    -7.345435198900589
  ],
  "(2, 0, 0, 0, 0, 0)": [
    -19.630319386679076,
    -19.479221051345966,
    -18.849633362012675
  ],
  "(0, 3, 0, 1, 0, 0)": [
    -10.758364387631573,
    -4.853951960096277,
    -3.8995632426315736
  ],
  "(1, 1, 0, 0, 0, 1)": [
    -20.265641888649593,
    -20.114075723068655,
    -20.586603127830493
  ],
  "(1, 1, 0, 0, 1, 1)": [
    -20.695680198330948,
    -20.68920488571258,
    -20.494718561395352
  ],
  "(2, 0, 1, 0, 1, 1)": [
    -25.150626287378344,
    -15.140921008804082,
    -23.717960747957445
  ],
  "(0, 2, 0, 1, 0, 0)": [
    -9.575099399567806,
    -11.70972546700814,
    -7.395425835197842
  ],
  "(0, 1, 0, 1, 0, 1)": [
    -16.974092846438733,
    -12.98031321614635,
    -15.773025468997117
  ],
  "(0, 3, 0, 0, 0, 1)": [
    -25.644933529652526,
    -18.743796645153424,
    -26.059980608365358
  ],
  "(0, 4, 0, 0, 0, 1)": [
    -16.53617127956843,
    -5.078171409989059,
    -9.964538598079733
  ],
  "(0, 3, 0, 0, 1, 1)": [
    -9.367270751223131,
    -12.048986659475828,
    -12.991709113321305
  ],
  "(1, 3, 0, 0, 1, 0)": [
    -0.6200000000000001,
    0.0,
    -1.39395
  ],
  "(1, 2, 0, 0, 1, 0)": [
    -2.46035,
    -4.110376994977111,
    -6.967866543730299
  ],
  "(1, 2, 0, 0, 0, 0)": [
    -1.0163818647820217,
    0.0,
    -2.112106481432973
  ],
  "(0, 4, 0, 1, 0, 0)": [
    -8.00415,
    -1.0027,
    -2.42
  ],
  "(3, 0, 1, 0, 1, 1)": [
    0.0,
    -5.036627040543344,
    -8.023763
  ],
  "(3, 0, 0, 0, 0, 1)": [
    -8.23808487632338,
    -3.774409549010804,
    -1.0931564544249657
  ],
  "(0, 3, 0, 1, 0, 1)": [
    -8.030294363263954,
    -2.4874766048283132,
    -10.137419403626614
  ],
  "(4, 0, 0, 0, 1, 0)": [
    -6.3274779,
    -1.33129,
    -7.6142323880000005
  ],
  "(4, 0, 1, 0, 1, 0)": [
    -4.138,
    -0.49900000000000005,
    -6.18623
  ],
  "(0, 1, 0, 1, 0, 0)": [
    -10.208726687529754,
    -9.236511642674147,
    -14.829252263832585
  ],
  "(2, 1, 0, 0, 0, 1)": [
    0.0,
    0.0,
    -0.8976896358101337
  ],
  "(2, 0, 1, 0, 1, 0)": [
    -9.5051889762,
    -10.06878980983765,
    -12.68054815045962
  ],
  "(4, 0, 0, 0, 1, 1)": [
    -4.370495000000001,
    -1.305834080898247,
    -4.762970500000001
  ],
  "(0, 0, 0, 1, 0, 1)": [
    0.0,
    -1.6287357431093377,
    -1.6315000000000002
  ],
  "(1, 2, 0, 0, 1, 1)": [
    -2.602348388804808,
    -4.692737928796703,
    -4.394129945995776
  ],
  "(3, 1, 0, 0, 0, 1)": [
    0.0,
    -1.6468599900242198,
    0.0
  ],
  "(2, 1, 0, 0, 0, 0)": [
    0.0,
    -0.8914,
    -2.5491170386362207
  ],
  "(2, 1, 0, 0, 1, 0)": [
    -4.051711595580658,
    -0.43599999999999994,
    -2.052596760376327
  ],
  "(3, 0, 1, 0, 1, 0)": [
    -8.6945446,
    -2.1182131105775652,
    0.0
  ],
  "(1, 3, 0, 0, 1, 1)": [
    0.0,
    -2.1044322715754715,
    0.0
  ],
  "(0, 4, 0, 1, 0, 1)": [
    -4.502503599099707,
    -2.817199438605556,
    -6.546348599099707
  ],
  "(2, 1, 0, 0, 1, 1)": [
    -3.1191690955792795,
    0.0,
    0.0
  ],
  "(0, 4, 0, 0, 1, 1)": [
    0.0,
    -0.9662453266349502,
    0.0
  ],
  "(0, 0, 1, 0, 1, 0)": [
    -4.98673,
    -1.4161645352290337,
    -1.763
  ],
  "(3, 1, 0, 0, 0, 0)": [
    0.0,
    -1.6267231181997113,
    0.0
  ]
}