{
  "(0, 0, 0, 0, 0, 1)": [
    -17.829458434367172,
    -16.462453989107996,
    -18.036137137080065
  ],
  "(0, 0, 0, 0, 1, 1)": [
    -17.405586333848394,
    -16.49161678893711,
    -17.662899458800457
  ],
  "(1, 0, 0, 0, 1, 1)": [
    -20.114920506686207,
    -17.948283597224407,
    -20.287897683038825
  ],
  "(0, 1, 0, 0, 0, 1)": [
    -19.9384027239997,
    -17.47346853624099,
    -20.139601359120146
  ],
  "(1, 0, 0, 0, 0, 1)": [
    -19.001332804378993,
    -18.962879750044184,
    -18.057611024145025
  ],
  "(0, 1, 0, 0, 1, 1)": [
    -19.103167431733517,
    -19.255226273753795,
    -18.255731329879758
  ],
  "(0, 2, 0, 0, 0, 1)": [
    -31.888860743766603,
    -21.829707546123316,
    -31.257777937443567
  ],
  "(0, 2, 0, 0, 1, 1)": [
    -23.858891331542782,
    -25.962056546337777,
    -22.54022828458874
  ],
  "(0, 0, 0, 0, 0, 0)": [
    -15.540966964048893,
    -14.186228551295073,
    -15.505095947950572
  ],
  "(0, 0, 0, 0, 1, 0)": [
    -15.86167219251298,
    -14.328014512184184,
    -15.364770976912393
  ],
  "(1, 0, 0, 0, 1, 0)": [
    -17.470151467987925,
    -14.929221637541728,
    -17.08868168448793
  ],
  "(0, 1, 0, 0, 0, 0)": [
    -17.23209882925399,
    -15.166983619574012,
    -17.35164941830635
  ],
  "(0, 2, 0, 0, 0, 0)": [
    -24.776961953097082,
    -18.434751645845257,
    -25.455916276676476
  ],
  "(0, 1, 0, 0, 1, 0)": [
    -16.226708236918682,
    -16.40567338210073,
    -16.45936123130882
  ],
  "(1, 1, 0, 0, 1, 0)": [
    -18.93379802642611,
    -17.19826423356667,
    -17.888519154114217
  ],
  "(2, 0, 0, 0, 1, 0)": [
    -25.359228312902292,
    -18.00262158906051,
    -24.462317431397285
  ],
  "(2, 0, 1, 0, 1, 0)": [
    -27.6391823723324,
    -18.04165573164823,
    -32.15154567549556
  ],
  "(2, 0, 0, 0, 0, 0)": [
    -20.18991068999228,
    -21.092716208048373,
    -20.400488630264185
  ],
  "(1, 0, 0, 0, 0, 0)": [
    -16.655098782393665,
    -16.704710815801775,
    -16.118876854255763
  ],
  "(0, 2, 0, 0, 1, 0)": [
    -20.607585282333847,
    -20.564613004931115,
    -19.178473678325716
  ],
  "(2, 0, 0, 0, 1, 1)": [
    -28.723985328449604,
    -21.94681739491559,
    -30.366891660140574
  ],
  "(3, 0, 0, 0, 1, 1)": [
    -34.97277826172811,
    -24.15269808500671,
    -35.019330881259336
  ],
  "(2, 0, 0, 0, 0, 1)": [
    -25.0370788526047,
    -25.52548339564646,
    -23.470785011298265
  ],
  "(1, 1, 0, 0, 0, 1)": [
    -21.90778359962018,
    -20.091207178363536,
    -21.826002083388342
  ],
  "(0, 3, 0, 0, 0, 1)": [
    -35.575530674658005,
    -24.794119786979778,
    -33.087547227444944
  ],
  "(0, 3, 0, 0, 1, 1)": [
    -17.228417120403194,
    -10.032672485845872,
    -16.185443395346994
  ],
  "(0, 3, 0, 0, 0, 0)": [
    -25.923905536199193,
    -18.91947804653862,
    -24.48153035981282
  ],
  "(1, 1, 0, 0, 1, 1)": [
    -22.76365576003874,
    -21.008042871634338,
    -20.972745634724753
  ],
  "(2, 0, 1, 0, 1, 1)": [
    -27.048847706730562,
    -19.675042267897293,
    -27.94588027235696
  ],
  "(2, 1, 0, 0, 0, 1)": [
    -11.234344973923704,
    -5.914448697736159,
    -9.010150490429337
  ],
  "(2, 1, 0, 0, 1, 1)": [
    0.0,
    -0.867,
    -5.450206380522905
  ],
  "(0, 2, 0, 1, 0, 1)": [
    -33.43666997022839,
    -21.76623289319183,
    -31.696627987327016
  ],
  "(1, 0, 1, 0, 1, 1)": [
    -25.017359100194987,
    -17.185254541065493,
    -23.181923329255426
  ],
  "(0, 1, 0, 1, 0, 1)": [
    -27.009218263126627,
    -13.846636495836018,
    -24.749012626562525
  ],
  "(3, 0, 0, 0, 1, 0)": [
    -26.442686066059185,
    -19.688064168576272,
    -27.7554810812922
  ],
  "(3, 0, 1, 0, 1, 0)": [
    -13.102554386110384,
    -12.147672325831302,
    -14.425971873201782
  ],
  "(0, 2, 0, 1, 0, 0)": [
    -26.949220059913383,
    -15.84901967504566,
    -28.178522566241003
  ],
  "(3, 0, 1, 0, 1, 1)": [
    -13.854693848554042,
    -8.57285921872144,
    -15.895549855578297
  ],
  "(1, 0, 1, 0, 1, 0)": [
    -29.459399453822144,
    -15.2596389297738,
    -23.62775716583065
  ],
  "(1, 1, 0, 0, 0, 0)": [
    -17.878396718836186,
    -17.084324316586475,
    -17.782438070255445
  ],
  "(0, 1, 0, 1, 0, 0)": [
    -25.157888315731377,
    -14.24676264524734,
    -27.083384740381824
  ],
  "(0, 3, 0, 0, 1, 0)": [
    -12.945515950383431,
    -10.121479077980526,
    -12.331344039732391
  ],
  "(1, 2, 0, 0, 1, 0)": [
    -5.954415910215106,
    -7.7914111866935105,
    -3.505753948013074
  ],
  "(2, 1, 0, 0, 0, 0)": [
    -2.470009944745333,
    -5.629497790154666,
    -3.783647227105023
  ],
  "(4, 0, 1, 0, 1, 1)": [
    0.0,
    -5.053955736885106,
    -2.4615000000000005
  ],
  "(4, 0, 0, 0, 0, 1)": [
    -0.9670000000000001,
    -0.9615,
    -1.9231841140641404
  ],
  "(4, 0, 0, 0, 1, 1)": [
    -7.831865149193063,
    -8.600205363607392,
    -11.779481650915777
  ],
  "(3, 0, 0, 0, 0, 1)": [
    -17.367538608539125,
    -19.844342955604773,
    -16.444347524260632
  ],
  "(0, 0, 1, 0, 1, 0)": [
    -6.956653758227838,
    -6.80616360150471,
    -6.738176000000001
  ],
  "(1, 2, 0, 0, 1, 1)": [
    0.0,
    -3.923179308792709,
    -4.257552151393247
  ],
  "(0, 3, 0, 1, 0, 1)": [
    -26.10469379050516,
    -9.643496823742336,
    -22.827432402630233
  ],
  "(0, 4, 0, 1, 0, 1)": [
    -13.66901950528188,
    -7.042791838672177,
    -19.615736152149065
  ],
  "(0, 0, 0, 1, 0, 1)": [
    -4.710097284625242,
    -3.2864973601719445,
    -4.558997307861539
  ],
  "(3, 0, 0, 0, 0, 0)": [
    -16.18062534757157,
    -13.434885895502605,
    -17.413190080631765
  ],
  "(4, 0, 0, 0, 1, 0)": [
    -12.849348677859881,
    -6.936013200773464,
    -15.364465312907377
  ],
  "(3, 1, 0, 0, 0, 0)": [
    -0.662,
    0.0,
    -0.6990000000000001
  ],
  "(0, 4, 0, 0, 0, 0)": [
    -5.3579391,
    -3.9127093869798486,
    -2.2287999999999997
  ],
  "(0, 4, 0, 0, 0, 1)": [
    -12.88095107061222,
    -6.093970169090652,
    -11.137223185734566
  ],
  "(1, 3, 0, 0, 1, 0)": [
    -0.6200000000000001,
    0.0,
    0.0
  ],
  "(0, 3, 0, 1, 0, 0)": [
    -6.7601099,
    -7.25436763510753,
    -9.861250600000002
  ],
  "(0, 0, 1, 0, 1, 1)": [
    -4.751945000000001,
    -5.813723242668144,
    0.0
  ],
  "(1, 3, 0, 0, 1, 1)": [
    0.0,
    0.0,
    -1.8625000000000003
  ],
  "(4, 0, 1, 0, 1, 0)": [
    -7.3036200000000004,
    -5.1196255928086245,
    -2.62
  ],
  "(1, 2, 0, 0, 0, 0)": [
    0.0,
    -1.656027461307077,
    -2.1877320371234084
  ],
  "(0, 4, 0, 1, 0, 0)": [
    0.0,
    -0.8963415053409736,
    0.0
  ],
  "(3, 1, 0, 0, 0, 1)": [
    0.0,
    0.0,
    -1.2186355000000002
  ],
  "(0, 0, 0, 1, 0, 0)": [
    -3.4172904610947823,
    -1.4187829010531379,
    -8.042523834379221
  ],
  "(2, 1, 0, 0, 1, 0)": [
    0.0,
    0.0,
    -2.1941352513848202
  ]
}